{"cameraMode":{"drawMode":0,"name":"Shaded","section":"Shading Mode"},"sceneLighting":true,"audioPlay":false,"sceneViewState":{"m_AlwaysRefresh":false,"showFog":true,"showSkybox":true,"showFlares":true,"showImageEffects":true,"showParticleSystems":true,"showVisualEffectGraphs":true,"m_FxEnabled":true},"in2DMode":false,"pivot":{"x":0.8473212718963623,"y":3.7857956886291506,"z":-20.897558212280275},"rotation":{"x":-0.3668820858001709,"y":0.6283888220787048,"z":-0.43283963203430178,"w":-0.5322701334953308},"size":2.8798916339874269,"orthographic":false}