{"cameraMode":{"drawMode":0,"name":"Shaded","section":"Shading Mode"},"sceneLighting":true,"audioPlay":false,"sceneViewState":{"m_AlwaysRefresh":false,"showFog":true,"showSkybox":true,"showFlares":true,"showImageEffects":true,"showParticleSystems":true,"showVisualEffectGraphs":true,"m_FxEnabled":true},"in2DMode":false,"pivot":{"x":0.6429147720336914,"y":-0.40323588252067568,"z":7.060798168182373},"rotation":{"x":-0.17784200608730317,"y":-0.7158048152923584,"z":0.19729064404964448,"w":-0.6459941267967224},"size":15.228307723999024,"orthographic":false}